"username","message"
"kristengilstrap","hey kristen, i love how you’ve mastered scaling rentals and teaching others to jump in fast. do you still help people hit that first rental in 30 days?"
"lewis_helps","yo terance, love how you’re showing people they don’t need big money to jump into real estate. are you still partnering with students?"
"shak_2much","yo shakir, love how you’re helping businesses stack extra income streams while partnering with a bank—crazy strong positioning. are you still taking on new coaching clients?"
"laurafloodcoaching","hey laura, love how you focus on helping realtors hit top 1% while keeping that work/life balance. are you still coaching 1:1 or taking on groups too?"
"loganthefreeagent","yo logan, love how you’re getting real estate pros to step up and own it with video. are you mostly focused on group coaching or doing 1:1 too?"
"pinkyknowsnaples","hey sue, love how you’re helping agents master IG instead of just posting random stuff. do you work with teams too or just individuals?"
"shak_2much","yo shakir, love how you’re helping businesses stack income streams without overcomplicating. are you still taking on new clients for consultations?"
"amygregory","hey amy, love how you’re turning reels into actual deals for realtors. are you still coaching 1:1 or is it all through the templates now?"
"eldeethedon","yo lanre, man i’m impressed by the $100M impact you’ve helped your mentees hit—crazy results. are your free trainings live or pre-recorded?"
"kptheogbuyshomes","yo kevin, love how you're all about solving real estate problems while helping people level up with mentoring. do you personally work 1:1 with clients?"
"amymahjoory","hey amy, love how you’ve turned raising private money into such a simple and effective system—crazy relatable. do you still run those 1-day workshops live?"
"kailalindseyrealtor","hey charlotte, love how you’re helping agents hit six figures with just one video a week—such a killer concept. are you still working with agents 1:1 or is it mostly group coaching?"
"laurafloodcoaching","hey laura, love how you’re all about combining top 1% success with freedom - feels like a rare approach in real estate. do you still work 1:1 with agents or just focus on coaching now?"
"kptheogbuyshomes","yo kevin, love how you’re all about solving real estate problems while helping people level up with mentoring. do you do 1:1 mentoring too?"
"lewis_helps","yo terance, love how you're showing people they don’t need cash upfront to get into real estate—huge mindset shift for most. are you still taking on new partners?"
"oliver.borr","hey oliver, love how you’re all about turning good agents into great ones - feels like you’re redefining the standard. are you still offering that keller pro assessment?"
"high_vibrations_co","hey hannah, love how you’re helping women build trust with their bodies while keeping it somatic and grounded. are your nervous system assessments 1:1?"
"cassiebiltz","hey queen, love how you’ve made “effortless sales” sound like an actual vibe lol. do you work with people 1:1 or just through your content?"
"theronniemckenzie","yo ronnie, love how you're helping parents and 9-5ers build real businesses without leaving their jobs. are you still taking on new coaching clients?"
"jomayrasdigitalworld","hey jomayra, love how you blend humor with teaching people to actually make money on here - makes your page super relatable. are your mentorships 1:1 or group-based?"
"ambersharniece","yo amber, love how you're helping people turn casual scrolling into cash — that’s a crazy skillset. do you still create products yourself or mainly teach now?"
"andreabusinesshacks","hey andrea, gotta say i’m impressed with how you’ve hit 7 figs without even creating products. are your methods all taught through digital courses?"
"josh_thedadtreprenewer","yo josh, love how you’re blending kingdom principles with online business coaching - so rare to see that level of alignment. curious, are your free courses all self-paced or do you coach live too?"
"financialfreedomfaceless","hey michelle, love how you’re helping women hit big milestones like 140k in a year with digital products - super inspiring. are you still giving away that free beginner’s guide?"
"itsjessica_elizabeth","hey jessica, love how you weave sarcasm into mentorship—makes it feel so real and relatable. are you offering 1:1s or just group programs?"
"teachertomarketer","hey steph, love how you’re showing people it’s possible to go from underpaid to thriving online. are you mostly helping beginners 1:1 or through your guide?"
"50plusdoitdigital","hey kathryn, love how you’re helping women 50+ step into digital marketing with confidence. do you work with beginners only or also those already familiar with the space?"
"thatmamainpajamas","hey kayla, love how you’re empowering people to actually take control and start their online biz. are your students mostly beginners or do you work with advanced too?"
"thepassivewayy","hey raveena, love how you’re making passive income feel doable for anyone with the way you break down IG growth. are you currently taking on new clients?"
"selfwealthmom","hey hayley, love how you're helping marketers lock in 4-figure days while keeping it real. is your strategy program all online or do you do live sessions too?"
"wealth.with.laura","hey laura, love how you flipped burnout into a 6-figure business helping women step into passive income. do you still offer that free training when people dm ""video""?"
"makemoneywmarie","hey audrey, love how you went from zero to 1.7m so fast while keeping it simple for beginners. are you still sending out that free guide?"
"mariyem.digital.marketer","hey mariyem, love how you turned getting laid off into building a 6-figure biz with digital products—real inspiration. are your guides all passive products, or do you coach too?"
"hannaringel","hey hanna, love how you’re all about breaking the rules and owning the niche with personal branding. is your 12-week program in a group format?"
"buildwealthwithchels_","hey chelsea, love how you’re empowering everyday people to build something meaningful while keeping it approachable. is the digital hub fully self-paced or do you guys offer live sessions too?"
"meghan.kimberley","hey meghan, love how you’re ditching the fake “rules” for IG growth and building brands that feel real. are you still taking on new creators?"
"your.marketingbff","hey amalie, love how you’re showing people it’s possible to go from burnout to millionaire status, that’s a vibe. are your free guides just for beginners or do you work with more advanced people too?"
"realkristiebelliston","hey kristie, love how you’ve made social selling feel so simple and approachable. are you still taking on clients or focusing more on courses now?"
"midlifemarketingmum","hey vicky, love how you’ve built a system helping people go faceless and still crush it online. are your done-for-you products all automated or do you work with people directly?"
"entirelyfaceless","yo faceless, bro you’ve nailed the whole “income without showing your face” thing, insane growth too. are you still giving away those insta-secrets or is it all paid now?"
"wholehearted.hustler","brandi, love how you’ve helped so many women break out of the “income ceiling” mindset. are your programs mostly group-based or do you do 1:1 too?"
"_themodernmethod","hey alyssa, love how you’ve mastered turning content into offers that actually sell—feels rare these days. are you still taking on clients or focused solely on SCF?"
"beccadunkinofficial","hey becca, love how you simplify creating offers that actually sell—so many overcomplicate it. do you coach in groups or mainly 1:1?"
"_barrettcaron","hey barrett, love how you’re all about shifting identity and eating fear… that mindset is everything. are you doing 1:1s right now or is it all through your community?"
"ashley.e.lizbeth","hey ashley, love how you’ve built a business that’s all about freedom without sacrificing results. do you mainly focus on IG growth strategies or full business scaling too?"
"sidehustlewmg","yo mg, love how you’re helping people hit $500/day with digital products. do you work with total beginners or just people who’ve already sold before?"
"katiecrossofficial","hey katie, love how you’ve turned ig into an atm for your students while focusing on scaling offers. are your courses all self-paced or do you do live trainings too?"
"make_moneywith_mel","hey mel, love how you’re showing anyone can win online without selling… are your video guides all automated or do you coach too?"
"mamamastersmarketing","hey riley, love how you’re showing busy moms they can turn their story into income. do you mostly focus on IG growth or other platforms too?"
"heathereverettofficial","hey heather, love how you’re helping people go from zero to six figures by keeping it simple. are you mainly teaching through a course or something else?"
"facelesswithana","ana, love how you’re helping people hit 0-$10k without even showing their face. is your masterclass live or pre-recorded?"
"_digitaldreamqueen_","hey brittany, i love how you’re all about showing hustlers how to actually make real money with their phones. are you mainly doing group coaching or 1:1 too?"
"bec_onley","hey bec, love how you’re all about strategy over ikky tactics – so rare in email marketing lol. are you booked out with clients right now?"
"thedigitaldompreneur","hey dominique, love how you’re helping fempreneurs work less while earning more—such a game changer. are your courses all self-paced or do you do live coaching too?"
"heyalissarose","hey alissa, love how you simplify the process for creatives to actually make money without burning out. are you only coaching group programs or do you offer 1:1 too?"
"kaitthecanadian","hey kait, love how you’ve turned your own story into a blueprint for other moms—so relatable. do you still coach 1:1 or is it just your digital products now?"
"edenfried","hey eden, love how you’re turning launches into a repeatable system - rebel boss style. are all your launches done through rebel boss u or do you coach 1:1 too?"
"jourdanlemons","hey jourdan, love how you’re all about empowering moms to turn their ideas into income—crazy relatable for so many. do you help them with creating their first digital product?"
"itsbecfischer","hey bec, love how you're helping people scale to 100k+ with digital products—talk about impact. are all your students going through a course, or do you do coaching too?"
"brave_marketer_","hey elizabeth, love how you’re mixing habits and systems with accountability—feels like the secret sauce most people overlook. are your weekly challenges part of a group or 1:1?"
"digitalcreatorceo","hey, love how you’re helping people hit $100k months without getting stuck in 1:1 work. are all your trainings digital or do you ever do live mentorship?"
"sam_stayshome","hey sam, love how you frame content as a superpower and keep integrity front and center. are you taking on new clients for 1:1 coaching?"
"briegroves","hey brie, love how you’ve turned your brilliance into a system that works without burnout — 1.2M in a year speaks for itself. are all your products self-paced, or do you add live components too?"
"evita_social","yo evita, love how you turned $0 to $1M organically in a year—rare to see someone nail both creativity and strategy like that. are you still taking on clients or fully booked?"
"digitalbossladyincome","hey joy, love how you’re helping women turn their skills into digital empires. are all your trainings self-paced or do you do live coaching too?"
"dreambizsuccess","hey jen, love how you focus on teaching marketers to scale smart, not just fast. are you still taking on new students for next level?"
"sophie.elle.success","hey sophie, love how you’ve turned your story from debt to six figures so fast—super inspiring. are you mostly helping people one-on-one or in group programs?"
"homesteadsidehustle","hey mikayla, love how you’re helping beginners actually see results online instead of getting stuck in the grind. is your crash course all self-paced or do you guide people too?"
"girl.goes.digital","hey amy, love how you’re proving you don’t need to be on camera to crush it online. are you still taking on mentees?"
"abundancewithchelsea","hey chelsea, love how you’re helping people hit multi 6-figs online starting from zero—feels super relatable for anyone starting out. are you still doing 1:1s or is it all in the guide?"
"anna_freedomlife","hey anna, love how you’re all about helping women ditch the 9-5 for more freedom. is your free training a live session or pre-recorded?"
"gracedigitalco","hey grace, love how straight up you are about helping beginners hit those 5-figure months. are you still taking on new clients?"
"beckyjanderson","hey product, love how you’re helping product biz owners step into 7+ figures with real systems and results. do you run all your masterminds live or is there a virtual option?"
"creativemakercoach","hey julie, love how you’re empowering creatives to actually thrive as business owners—not just makers. are your 1:1 coaching spots still open?"
"jenniferallwood","hey jennifer, love how you’re blending faith with strategy to help women crush it online—so rare to see both together. are you still helping people grow their email lists?"
"sarahjwaggoner","hey sarah, love how you’ve cracked the code on daily etsy sales—700k in sales is wild. do you coach 1:1 or is it all courses?"
"prooftoproduct","hey katie, love how you’ve built trust with 30k+ brands… serious authority there. do you still take on new clients for consulting?"
"ettercreations","hey christie, love how you’ve made creating digital products feel so effortless and scalable in your content. do you coach 1:1 or focus more on group programs?"
"amy.takes.pictures","hey amy, love how you’re helping people build businesses that actually fit their lives instead of running them ragged. are you still taking on new students?"
"themichellecunningham","hey michelle, love how you’ve taken course creation to an 8-figure level - that's rare air lol. are all your courses self-paced or do you do live trainings too?"
"elkeclarke","hey elke, $93m on zazzle is insane – love how you’ve built something so results-driven for your clients. are spots still open for your 2025 cohort?"
"studiomdesignsco","hey mandy, love how you’re helping creatives break free from the grind while scaling to thrive. do you still take on 1:1 clients?"
"flourish_pro","hey melissa, love how you’re helping creatives scale without losing their minds—rare to find someone who gets both growth and balance. do you still have spots for strategy calls?"
"sarahshawconsulting","hey sarah, love how you help people land their products in boutiques and even on celebs—such a power move. do you still offer strategy sessions?"
"byobschool","hey kp, love how you make starting an online business feel stress-free. are your services focused on done-for-you or do you do coaching too?"
"koachkarli","hey karli, love how you turn that “i don’t know where to start” mindset into action for new coaches. are you mostly helping with 1:1 or group programs?"
"wolfdogmktg","hey allison, love how you’re all about helping businesses actually win online instead of just getting ""likes"". are you still doing the done-for-you reels right now?"
"nobudgetbabe","hey nicole, love how you turned a $40k hole into 7 figs by 30—wild journey. do you still take 1:1 clients?"
"elle.social","hey elle, love how you simplify instagram without overcomplicating it for business owners. are your strategies more 1:1 or group-based?"
"flippinginheelsdmv","hey fola, love how you’re helping people escape the rat race with real estate - that’s such a game changer. are your master classes all live or do you do replays too?"
"jennaffiliate","hey jenn, love how you’re showing people they can hit five figures with digital products. do you still take on new collabs?"
"ryanpineda","yo ryan, love how you’ve scaled past 100M in real estate but still make it practical for other investors to win. are you still doing 1:1 coaching?"
"briangrimes_247cfu","yo brian, love how you’re making rentals turnkey for people who want cash flow without the hassle. are you still taking on 1:1 coaching clients?"
"lindsay_maloney","hey lindsay, love how you’re helping coaches skip discovery calls and still land high-ticket clients, that’s next level. are most of your clients coming through dream client code?"
"thecoachestrayner","hey jack, love how you’re helping coaches not just build but actually sustain their businesses. are you taking on new clients right now?"
"tom__youngs","hey tom, love how you’ve cracked the code on scaling without the usual funnels or cold spam lol. are your trainings all self-paced or do you do live coaching too?"
"cobiancapital","hey mel, love how you’ve helped so many go from lurking to creating and actually building something real. are you still taking on clients or fully booked?"
"charliejohnsonfitness","yo, world, love how you’re all about helping guys level up physically and financially at the same time. are most of your clients online, or are you handling in-person too?"
"luanjardine","yo luan, love how you’re mixing mental health with marketing—feels like such an overlooked angle in this space. are you still taking on ad clients or just focused on coaching now?"
"markflipshouses","yo mark, love how you’re using ai to flip houses without needing cash or credit—genius move. is your free class live or pre-recorded?"
"camie.wilke","hey camie, love how you’re helping mamas turn into money-making coaches with guaranteed results - bold claim and it stands out. are you still taking on clients or all booked up?"
